	TranscriptionName	modifiers	Annotation
0	Koposova_Sokolova	1	1
1	Koposova_Sokolova	0	1
2	Koposova_Sokolova	0	1
3	Koposova_Sokolova	0	1
4	Koposova_Sokolova	1	1
5	Koposova_Sokolova	1	1
6	Koposova_Sokolova	1	1
7	Koposova_Sokolova	1	1
8	Koposova_Sokolova	1	1
9	Koposova_Sokolova	1	0
10	Koposova_Sokolova	1	1
11	Koposova_Sokolova	1	0
12	Koposova_Sokolova	1	1
13	Koposova_Sokolova	0	1
14	Koposova_Sokolova	0	1
15	Koposova_Sokolova	0	1
16	Koposova_Sokolova	0	0
17	Koposova_Sokolova	0	1
18	Koposova_Sokolova	0	1
19	Koposova_Sokolova	0	1
20	Koposova_Sokolova	0	1
21	Koposova_Sokolova	1	0
22	Borisova_Subocheva	1	0
23	Borisova_Subocheva	1	1
24	Borisova_Subocheva	1	1
25	Borisova_Subocheva	1	1
26	Borisova_Subocheva	1	0
27	Borisova_Subocheva	1	1
28	Borisova_Subocheva	1	1
29	Borisova_Subocheva	1	1
30	Borisova_Subocheva	0	1
31	Borisova_Subocheva	0	0
32	Borisova_Subocheva	0	0
33	Borisova_Subocheva	0	0
34	Borisova_Subocheva	1	1
35	Borisova_Subocheva	1	1
36	Borisova_Subocheva	1	1
37	Borisova_Subocheva	1	0
38	Borisova_Subocheva	1	1
39	Borisova_Subocheva	0	1
40	Borisova_Subocheva	0	0
41	Borisova_Subocheva	0	1
42	Borisova_Subocheva	0	0
43	Borisova_Subocheva	1	1
44	Borisova_Subocheva	1	1
45	Borisova_Subocheva	1	1
47	Borisova_Subocheva	1	0
48	Borisova_Subocheva	1	1
49	Borisova_Subocheva	1	1
50	Borisova_Subocheva	1	1
51	Borisova_Subocheva	0	1
52	Borisova_Subocheva	0	0
53	Borisova_Subocheva	0	1
54	Borisova_Subocheva	0	1
55	Borisova_Subocheva	1	1
56	Borisova_Subocheva	1	1
57	Borisova_Subocheva	1	1
58	Borisova_Subocheva	0	1
59	Borisova_Subocheva	0	1
60	Borisova_Subocheva	0	1
61	Borisova_Subocheva	1	1
62	Borisova_Subocheva	1	0
63	Borisova_Subocheva	1	1
64	Borisova_Tregubova	1	0
65	Borisova_Tregubova	1	1
66	Borisova_Tregubova	1	1
67	Borisova_Tregubova	1	1
68	Borisova_Tregubova	1	1
69	Borisova_Tregubova	1	1
70	Borisova_Tregubova	0	1
71	Borisova_Tregubova	0	1
72	Borisova_Tregubova	1	1
73	Borisova_Tregubova	0	1
74	Borisova_Tregubova	0	0
75	Borisova_Tregubova	0	0
76	Borisova_Tregubova	0	0
77	Borisova_Tregubova	1	0
78	Borisova_Tregubova	1	1
79	Borisova_Tregubova	1	1
80	Borisova_Tregubova	1	1
82	Borisova_Tregubova	0	1
83	Borisova_Tregubova	0	1
84	Borisova_Tregubova	1	1
85	Borisova_Tregubova	0	1
86	Borisova_Tregubova	0	1
87	Bocharovy	1	1
88	Bocharovy	1	1
89	Bocharovy	1	1
90	Bocharovy	1	1
91	Bocharovy	1	1
92	Bocharovy	1	1
93	Bocharovy	0	1
94	Bocharovy	0	1
95	Bocharovy	1	1
96	Bocharovy	0	1
97	Bocharovy	0	1
98	Bocharovy	1	1
100	Bocharovy	0	0
101	Bocharovy	1	1
102	Bocharovy	0	1
103	Bocharovy	0	1
104	Bocharovy	1	1
105	Bocharovy	1	0
106	Bocharovy	0	0
107	Bocharovy	0	0
108	Bocharovy	0	0
109	Bocharovy	0	0
110	Bocharovy	0	0
111	Bocharovy	1	1
112	Bocharovy	0	1
113	Bocharovy	0	1
114	Bocharovy	1	1
115	Bocharovy	1	1
116	Bocharovy	1	1
117	Bocharovy	1	1
118	Bocharovy	1	1
119	Bocharovy	1	1
120	Bocharovy	1	1
121	Bocharovy	0	1
122	Bocharovy	0	1
123	Bocharovy	0	1
124	Bocharovy	0	0
125	Bocharovy	1	1
126	Bocharovy	1	1
127	Bocharovy	0	1
128	Bocharovy	0	0
129	Bocharovy	1	0
130	Bocharovy	1	0
131	Bocharovy	0	1
132	Bocharovy	0	0
133	Bocharovy	1	1
134	Bocharovy	0	1
135	Bocharovy	0	0
136	Bocharovy	1	1
137	Bocharovy	1	0
138	Bocharovy	1	1
139	Bocharovy	0	1
140	Bocharovy	0	1
141	Bocharovy	1	1
142	Bocharovy	1	0
143	Bocharovy	1	0
144	Bocharovy	0	1
145	Bocharovy	0	1
146	Bocharovy	1	1
147	Bocharovy	1	1
148	Bocharovy	1	1
149	Bocharovy	1	1
150	Bocharovy	1	1
151	Bocharovy	0	1
152	Bocharovy	0	0
153	Bocharovy	0	1
154	Bocharovy	0	0
155	Bocharovy	0	1
156	Bocharovy	0	1
157	Bocharovy	1	0
158	Bocharovy	0	1
159	Bocharovy	0	0
160	Bocharovy	1	1
163	Bocharovy	1	0
164	Bocharovy	0	1
165	Bocharovy	0	1
166	Bocharovy	1	1
167	Bocharovy	0	1
168	Bocharovy	0	1
169	Bocharovy	1	1
170	Bocharovy	1	1
171	Vorobiovy	0	0
172	Vorobiovy	0	0
173	Vorobiovy	1	0
174	Vorobiovy	1	0
175	Vorobiovy	1	1
176	Vorobiovy	1	0
177	Vorobiovy	1	0
178	Vorobiovy	1	1
179	Vorobiovy	1	1
180	Vorobiovy	1	1
181	Vorobiovy	1	0
182	Vorobiovy	1	1
183	Vorobiovy	0	1
184	Vorobiovy	0	1
185	Vorobiovy	1	1
186	Vorobiovy	1	1
187	Vorobiovy	1	0
188	Vorobiovy	1	1
189	Vorobiovy	1	1
190	Vorobiovy	1	0
191	Vorobiovy	0	1
192	Vorobiovy	0	1
193	Vorobiovy	1	1
194	Vorobiovy	0	1
195	Vorobiovy	0	1
196	Vorobiovy	1	1
197	Vorobiovy	0	1
198	Vorobiovy	0	0
199	Vorobiovy	0	1
200	Vorobiovy	0	1
201	Vorobiovy	1	1
202	Vorobiovy	1	1
203	Vorobiovy	0	1
204	Vorobiovy	0	1
205	Vorobiovy	0	0
206	Vorobiovy	0	0
208	Vorobiovy	1	1
209	Vorobiovy	0	0
210	Vorobiovy	0	0
211	Vorobiovy	0	1
212	Vorobiovy	0	1
213	Vorobiovy	1	1
214	Vorobiovy	1	1
215	Vorobiovy	0	1
216	Vorobiovy	0	1
217	Vorobiovy	1	1
218	Vorobiovy	1	1
219	Vorobiovy	1	1
220	Vorobiovy	1	1
221	Vorobiovy	1	0
222	Vorobiovy	0	0
223	Vorobiovy	0	0
224	clouds_gavrilovy	1	1
225	clouds_gavrilovy	1	0
226	clouds_gavrilovy	1	1
227	clouds_gavrilovy	1	0
228	clouds_gavrilovy	1	0
229	clouds_gavrilovy	1	1
230	clouds_gavrilovy	1	1
231	clouds_gavrilovy	1	0
232	clouds_gavrilovy	0	0
233	clouds_gavrilovy	0	0
234	clouds_gavrilovy	0	0
235	clouds_gavrilovy	1	1
236	clouds_gavrilovy	1	1
237	clouds_gavrilovy	1	0
238	clouds_gavrilovy	1	1
239	clouds_gavrilovy	1	1
240	clouds_gavrilovy	1	1
241	Zabelina_Igonina	1	0
242	Zabelina_Igonina	1	1
243	Zabelina_Igonina	1	0
244	Zabelina_Igonina	1	0
245	Zabelina_Igonina	0	0
246	Zabelina_Igonina	0	0
247	Zabelina_Igonina	1	1
248	Zabelina_Igonina	0	1
249	Zabelina_Igonina	0	1
250	Zabelina_Igonina	0	1
251	Zabelina_Igonina	0	1
252	Zabelina_Igonina	0	1
253	Zabelina_Igonina	1	1
254	Zabelina_Igonina	0	1
255	Zabelina_Igonina	0	1
256	Zabelina_Igonina	1	1
257	Zabelina_Igonina	1	0
258	Zabelina_Igonina	1	1
259	Zabelina_Igonina	0	0
260	Zabelina_Igonina	0	0
261	Zabelina_Igonina	1	1
262	Zabelina_Igonina	0	1
263	Zabelina_Igonina	0	1
264	Zabelina_Igonina	0	1
265	Zabelina_Igonina	1	0
266	Zabelina_Igonina	0	0
267	Zabelina_Igonina	0	0
268	Zabelina_Igonina	1	0
269	Zabelina_Igonina	0	1
270	Zabelina_Igonina	0	1
271	Zabelina_Igonina	1	1
272	Zabelina_Igonina	1	1
273	Zabelina_Igonina	1	0
274	Zabelina_Igonina	1	1
275	Zabelina_Igonina	1	1
276	Zabelina_Igonina	1	1
277	Zabelina_Igonina	1	1
278	Zabelina_Igonina	0	1
279	Zabelina_Igonina	0	0
280	Zabelina_Igonina	1	0
281	Zabelina_Igonina	1	1
282	Zabelina_Igonina	1	1
283	Zabelina_Igonina	0	1
284	Zabelina_Igonina	0	0
285	Zabelina_Igonina	1	0
286	Zabelina_Igonina	0	0
287	Zabelina_Igonina	0	0
288	Zabelina_Igonina	1	0
289	Zabelina_Igonina	0	0
290	Zabelina_Igonina	0	0
291	Zimina_Zorina	1	1
292	Zimina_Zorina	0	1
293	Zimina_Zorina	0	1
294	Zimina_Zorina	1	1
295	Zimina_Zorina	1	1
296	Zimina_Zorina	1	1
297	Zimina_Zorina	0	1
298	Zimina_Zorina	0	1
299	Zimina_Zorina	1	1
300	Zimina_Zorina	1	1
301	Zimina_Zorina	1	1
302	Zimina_Zorina	1	1
303	Zimina_Zorina	1	1
304	Zimina_Zorina	1	1
305	Zimina_Zorina	1	1
306	Zimina_Zorina	0	1
307	Zimina_Zorina	0	1
308	Zimina_Zorina	1	0
309	Zimina_Zorina	1	1
310	Zimina_Zorina	1	1
311	Zimina_Zorina	1	1
312	Zimina_Zorina	1	1
313	Zimina_Zorina	1	1
314	Zimina_Zorina	1	1
315	Zimina_Zorina	1	1
316	Zimina_Zorina	1	1
317	Zimina_Zorina	0	1
318	Zimina_Zorina	0	1
319	Zimina_Zorina	0	1
320	Zimina_Zorina	0	1
321	Zimina_Zorina	1	1
322	Zimina_Zorina	1	1
323	Zimina_Zorina	1	1
324	Zimina_Zorina	1	1
325	Zimina_Zorina	1	1
326	Zimina_Zorina	0	1
327	Zimina_Zorina	0	0
328	Zimina_Zorina	0	1
329	Zimina_Zorina	0	1
330	Zimina_Zorina	0	1
331	Zimina_Zorina	0	1
332	Zimina_Zorina	0	0
333	Zimina_Zorina	0	0
334	Zimina_Zorina	1	1
335	Zimina_Zorina	1	1
336	Zimina_Zorina	1	1
337	Zimina_Zorina	1	1
338	Zimina_Zorina	1	1
339	Zimina_Zorina	1	1
340	Zimina_Zorina	1	1
341	Zimina_Zorina	1	1
342	zorina_schadrina	1	1
343	zorina_schadrina	1	1
345	zorina_schadrina	0	0
346	zorina_schadrina	0	0
347	zorina_schadrina	0	0
348	zorina_schadrina	1	1
349	zorina_schadrina	1	1
350	zorina_schadrina	0	1
351	zorina_schadrina	0	1
352	zorina_schadrina	0	1
353	zorina_schadrina	0	1
354	zorina_schadrina	1	1
355	zorina_schadrina	0	1
356	zorina_schadrina	0	1
357	zorina_schadrina	1	1
358	zorina_schadrina	1	0
359	zorina_schadrina	1	0
360	zorina_schadrina	0	0
361	zorina_schadrina	0	0
362	zorina_schadrina	1	0
363	zorina_schadrina	1	1
364	zorina_schadrina	0	1
365	zorina_schadrina	0	0
366	zorina_schadrina	0	0
367	zorina_schadrina	0	0
368	zorina_schadrina	1	0
369	zorina_schadrina	1	1
370	zorina_schadrina	0	0
371	zorina_schadrina	0	0
372	zorina_schadrina	0	1
373	zorina_schadrina	0	1
374	zorina_schadrina	1	0
375	zorina_schadrina	1	0
376	zorina_schadrina	0	0
377	zorina_schadrina	0	0
378	zorina_schadrina	1	0
379	zorina_schadrina	1	0
380	zorina_schadrina	1	0
381	zorina_schadrina	0	1
382	zorina_schadrina	0	1
383	zorina_schadrina	1	1
384	zorina_schadrina	1	1
385	zorina_schadrina	0	1
386	zorina_schadrina	0	1
387	zorina_schadrina	1	1
388	zorina_schadrina	0	1
389	zorina_schadrina	0	1
390	zorina_schadrina	1	1
391	zorina_schadrina	1	1
392	zorina_schadrina	1	1
393	zorina_schadrina	1	1
394	zorina_schadrina	1	1
395	zorina_schadrina	1	1
396	zorina_schadrina	1	1
397	zorina_schadrina	1	1
398	zorina_schadrina	1	1
399	zorina_schadrina	1	1
400	zorina_schadrina	0	1
401	zorina_schadrina	0	1
402	zorina_schadrina	1	1
403	zorina_schadrina	1	0
404	zorina_schadrina	1	1
405	zorina_schadrina	0	1
406	zorina_schadrina	0	1
407	zorina_schadrina	1	1
408	zorina_schadrina	1	1
409	zorina_schadrina	1	1
410	zorina_schadrina	1	1
411	zorina_schadrina	1	1
412	zorina_schadrina	1	1
413	zorina_schadrina	1	1
414	zorina_schadrina	0	1
415	zorina_schadrina	0	1
416	zorina_schadrina	0	1
417	zorina_schadrina	0	0
418	zorina_schadrina	0	1
419	zorina_schadrina	0	1
420	zorina_schadrina	1	1
421	zorina_schadrina	0	1
422	zorina_schadrina	0	0
423	zorina_schadrina	0	1
424	zorina_schadrina	0	1
425	zorina_schadrina	0	1
426	zorina_schadrina	0	1
427	zorina_schadrina	1	1
428	zorina_schadrina	0	1
429	zorina_schadrina	0	1
430	zorina_schadrina	1	0
431	zorina_schadrina	1	0
432	zorina_schadrina	1	0
433	zorina_schadrina	1	1
434	zorina_schadrina	1	0
435	zorina_schadrina	1	1
436	zorina_schadrina	1	1
437	zorina_schadrina	1	1
438	zorina_schadrina	0	1
439	zorina_schadrina	0	0
440	zorina_schadrina	0	1
441	zorina_schadrina	0	0
442	zorina_schadrina	0	1
443	zorina_schadrina	0	0
444	zorina_schadrina	1	1
445	zorina_schadrina	1	1
446	zorina_schadrina	0	1
447	zorina_schadrina	0	0
448	zorina_schadrina	0	1
449	zorina_schadrina	0	0
450	zorina_schadrina	1	1
451	zorina_schadrina	1	0
452	zorina_schadrina	0	0
453	zorina_schadrina	0	0
454	zorina_schadrina	1	1
455	zorina_schadrina	0	0
456	zorina_schadrina	0	0
457	zorina_schadrina	0	0
458	zorina_schadrina	0	0
459	zorina_schadrina	0	1
460	zorina_schadrina	0	0
461	zorina_schadrina	1	0
462	zorina_schadrina	0	0
463	zorina_schadrina	0	0
464	zorina_schadrina	1	1
465	zorina_schadrina	1	0
466	zorina_schadrina	1	1
467	zorina_schadrina	0	1
468	zorina_schadrina	0	0
469	zorina_schadrina	0	0
470	zorina_schadrina	0	0
471	zorina_schadrina	1	1
472	zorina_schadrina	0	1
473	zorina_schadrina	0	1
474	zorina_schadrina	0	1
475	zorina_schadrina	0	0
476	zorina_schadrina	1	0
477	zorina_schadrina	1	1
478	zorina_schadrina	0	1
479	zorina_schadrina	0	0
480	zorina_schadrina	1	1
481	zorina_schadrina	0	1
482	zorina_schadrina	0	1
483	zorina_schadrina	1	1
484	zorina_schadrina	1	1
485	zorina_schadrina	1	1
486	zorina_schadrina	0	1
487	zorina_schadrina	0	0
488	zorina_schadrina	1	1
489	zorina_schadrina	1	1
490	zorina_schadrina	1	1
491	zorina_schadrina	1	1
492	zorina_schadrina	1	1
493	zorina_schadrina	1	1
494	zorina_schadrina	1	1
495	zorina_schadrina	1	1
496	zorina_schadrina	1	1
497	zorina_schadrina	1	1
498	zorina_schadrina	0	1
499	zorina_schadrina	0	0
500	zorina_schadrina	1	1
501	zorina_schadrina	1	1
502	zorina_schadrina	1	0
503	zorina_schadrina	1	1
504	zorina_schadrina	1	1
505	zorina_schadrina	0	1
506	zorina_schadrina	0	0
507	zorina_schadrina	1	1
508	zorina_schadrina	1	0
509	zorina_schadrina	0	1
510	zorina_schadrina	0	1
511	zorina_schadrina	0	1
512	zorina_schadrina	0	1
513	zorina_schadrina	1	1
514	zorina_schadrina	0	1
515	zorina_schadrina	0	0
516	Koposova_Sokolova	1	1
517	Koposova_Sokolova	0	1
518	Koposova_Sokolova	0	0
519	Koposova_Sokolova	1	1
520	Koposova_Sokolova	1	1
521	Koposova_Sokolova	1	1
522	Koposova_Sokolova	1	1
523	Koposova_Sokolova	0	1
524	Koposova_Sokolova	0	1
525	Koposova_Sokolova	0	1
526	Koposova_Sokolova	0	1
527	Koposova_Sokolova	1	1
528	Koposova_Sokolova	1	1
529	Koposova_Sokolova	1	1
530	Koposova_Sokolova	1	1
531	Koposova_Sokolova	0	1
532	Koposova_Sokolova	0	1
533	Koposova_Sokolova	1	1
534	Koposova_Sokolova	0	1
535	Koposova_Sokolova	0	1
536	Koposova_Sokolova	1	0
537	Koposova_Sokolova	1	1
538	Koposova_Sokolova	1	1
539	Koposova_Sokolova	1	1
540	Koposova_Sokolova	1	0
541	Koposova_Sokolova	1	1
542	Koposova_Sokolova	1	1
543	Koposova_Sokolova	1	1
544	Koposova_Sokolova	0	1
545	Koposova_Sokolova	0	1
546	Koposova_Sokolova	1	1
547	Koposova_Sokolova	0	1
548	Koposova_Sokolova	0	1
549	Koposova_Sokolova	1	0
550	Koposova_Sokolova	1	0
551	Koposova_Sokolova	1	0
552	Koposova_Sokolova	1	1
553	Koposova_Sokolova	1	0
554	Koposova_Sokolova	1	1
555	Koposova_Sokolova	1	1
556	Koposova_Sokolova	0	1
557	Koposova_Sokolova	0	1
558	Koposova_Sokolova	1	1
559	Koposova_Sokolova	0	1
560	Koposova_Sokolova	0	1
561	Koposova_Sokolova	1	1
562	Koposova_Sokolova	0	1
563	Koposova_Sokolova	0	1
564	Koposova_Sokolova	0	1
565	Koposova_Sokolova	0	1
566	Koposova_Sokolova	0	0
567	Koposova_Sokolova	0	0
568	Koposova_Sokolova	0	0
569	Koposova_Sokolova	0	0
570	Koposova_Sokolova	1	1
571	Koposova_Sokolova	0	1
572	Koposova_Sokolova	0	1
573	Koposova_Sokolova	1	1
574	Koposova_Sokolova	1	1
575	Koposova_Sokolova	1	1
576	Koposova_Sokolova	1	0
577	Koposova_Sokolova	1	1
578	Koposova_Sokolova	1	0
579	Koposova_Sokolova	1	0
580	Koposova_Sokolova	1	0
581	Prihodko_Belyaeva	0	1
582	Prihodko_Belyaeva	0	1
583	Prihodko_Belyaeva	1	0
584	Prihodko_Belyaeva	0	1
585	Prihodko_Belyaeva	0	0
586	Prihodko_Belyaeva	1	1
587	Prihodko_Belyaeva	1	0
588	Prihodko_Belyaeva	1	1
589	Prihodko_Belyaeva	1	1
590	Prihodko_Belyaeva	0	1
591	Prihodko_Belyaeva	0	1
592	Prihodko_Belyaeva	1	0
593	Prihodko_Belyaeva	0	0
594	Prihodko_Belyaeva	0	0
595	Prihodko_Belyaeva	0	0
596	Prihodko_Belyaeva	1	0
597	Prihodko_Belyaeva	0	0
598	Prihodko_Belyaeva	0	0
599	Prihodko_Belyaeva	1	1
600	Prihodko_Belyaeva	1	1
601	Prihodko_Belyaeva	1	1
602	Prihodko_Belyaeva	1	1
603	Prihodko_Belyaeva	1	1
604	Prihodko_Belyaeva	1	1
605	Prihodko_Belyaeva	1	1
606	Prihodko_Belyaeva	1	0
607	Prihodko_Belyaeva	1	0
608	Prihodko_Belyaeva	1	1
609	Prihodko_Belyaeva	1	1
610	Prihodko_Belyaeva	1	0
611	Prihodko_Belyaeva	1	0
612	Prihodko_Belyaeva	0	0
613	Prihodko_Belyaeva	0	0
614	Prihodko_Belyaeva	1	1
615	Prihodko_Belyaeva	1	1
616	Prihodko_Belyaeva	0	1
617	Prihodko_Belyaeva	0	0
619	Prihodko_Belyaeva	1	1
620	Prihodko_Belyaeva	1	0
621	Prihodko_Belyaeva	0	0
622	Prihodko_Belyaeva	0	0
623	Prihodko_Belyaeva	1	1
624	Prihodko_Belyaeva	1	1
625	Prihodko_Belyaeva	0	0
626	Prihodko_Belyaeva	0	0
627	Prihodko_Belyaeva	0	0
628	Prihodko_Belyaeva	1	0
629	Prihodko_Belyaeva	1	1
630	Prihodko_Belyaeva	1	1
631	Prihodko_Belyaeva	1	0
632	Prihodko_Belyaeva	0	0
633	Prihodko_Belyaeva	0	0
634	Prihodko_Belyaeva	1	1
635	Prihodko_Belyaeva	0	1
636	Prihodko_Belyaeva	0	1
638	Prihodko_Belyaeva	0	1
639	Prihodko_Belyaeva	0	1
640	Prihodko_Belyaeva	0	1
641	Prihodko_Belyaeva	0	1
642	Prihodko_Belyaeva	1	1
643	Prihodko_Belyaeva	1	1
644	Prihodko_Belyaeva	0	0
645	Prihodko_Belyaeva	0	0
646	Prihodko_Belyaeva	0	1
647	Prihodko_Belyaeva	0	1
648	Prihodko_Belyaeva	0	1
649	Prihodko_Belyaeva	0	1
650	Prihodko_Belyaeva	1	0
651	Prihodko_Belyaeva	0	0
652	Prihodko_Belyaeva	0	0
653	Pushkarev_Denisov	1	1
654	Pushkarev_Denisov	1	1
655	Pushkarev_Denisov	1	1
656	Pushkarev_Denisov	1	1
657	Pushkarev_Denisov	1	1
658	Pushkarev_Denisov	1	1
659	Pushkarev_Denisov	1	0
660	Pushkarev_Denisov	1	0
661	Pushkarev_Denisov	1	1
662	Pushkarev_Denisov	0	1
663	Pushkarev_Denisov	0	0
664	Pushkarev_Denisov	1	0
665	Pushkarev_Denisov	0	0
666	Pushkarev_Denisov	0	0
667	Pushkarev_Denisov	0	1
668	Pushkarev_Denisov	0	0
669	Pushkarev_Denisov	1	0
670	Pushkarev_Denisov	0	0
671	Pushkarev_Denisov	0	0
672	Pushkarev_Denisov	0	1
673	Pushkarev_Denisov	0	0
674	Pushkarev_Denisov	1	1
675	Pushkarev_Denisov	1	1
676	Pushkarev_Denisov	1	0
677	Pushkarev_Denisov	1	0
678	Pushkarev_Denisov	1	0
679	Pushkarev_Denisov	1	1
680	Pushkarev_Denisov	1	1
681	Pushkarev_Denisov	1	0
682	Pushkarev_Denisov	1	1
683	Pushkarev_Denisov	1	1
684	Pushkarev_Denisov	0	0
685	Pushkarev_Denisov	0	0
686	Pushkarev_Denisov	1	0
687	Pushkarev_Denisov	1	1
688	Pushkarev_Denisov	1	1
689	Pushkarev_Denisov	1	1
690	Pushkarev_Denisov	0	1
691	Pushkarev_Denisov	0	0
692	Pushkarev_Denisov	1	1
693	Pushkarev_Denisov	1	1
694	Pushkarev_Denisov	0	1
695	Pushkarev_Denisov	0	0
696	Pushkarev_Denisov	1	1
697	Pushkarev_Denisov	1	1
698	Pushkarev_Denisov	1	1
699	Pushkarev_Denisov	1	0
700	Pushkarev_Denisov	1	1
701	Pushkarev_Denisov	0	1
702	Pushkarev_Denisov	0	1
703	Pushkarev_Denisov	1	1
704	Pushkarev_Denisov	1	1
705	Pushkarev_Denisov	1	1
706	Pushkarev_Denisov	1	1
707	Pushkarev_Denisov	1	1
708	Pushkarev_Denisov	1	1
709	Pushkarev_Denisov	1	1
710	Pushkarev_Denisov	1	0
711	Pushkarev_Denisov	1	0
712	Pushkarev_Denisov	1	0
713	Pushkarev_Denisov	1	1
714	Pushkarev_Denisov	1	0
715	Pushkarev_Denisov	1	0
716	Pushkarev_Denisov	0	1
717	Pushkarev_Denisov	0	1
718	Pushkarev_Denisov	1	0
719	Pushkarev_Denisov	0	1
720	Pushkarev_Denisov	0	1
721	Pushkarev_Denisov	1	1
722	Pushkarev_Denisov	0	1
723	Pushkarev_Denisov	0	0
724	Pushkarev_Denisov	1	1
725	Pushkarev_Denisov	1	1
726	Pushkarev_Denisov	0	1
727	Pushkarev_Denisov	0	1
728	Pushkarev_Denisov	1	1
729	Pushkarev_Denisov	1	1
730	Pushkarev_Denisov	1	1
731	Pushkarev_Denisov	1	0
732	Pushkarev_Denisov	1	1
733	Pushkarev_Denisov	0	1
734	Pushkarev_Denisov	0	1
735	Pushkarev_Denisov	0	1
736	Pushkarev_Denisov	0	1
737	Pushkarev_Denisov	0	1
738	Pushkarev_Denisov	0	0
739	Pushkarev_Denisov	0	0
740	Pushkarev_Denisov	0	0
741	Pushkarev_Denisov	0	0
742	Pushkarev_Denisov	0	0
743	Pushkarev_Denisov	0	1
744	Pushkarev_Denisov	0	1
745	Pushkarev_Denisov	1	1
746	Chuhlovina_Metalichenko	1	1
747	Chuhlovina_Metalichenko	1	1
748	Chuhlovina_Metalichenko	1	1
749	Chuhlovina_Metalichenko	1	1
750	Chuhlovina_Metalichenko	0	1
751	Chuhlovina_Metalichenko	0	1
752	Chuhlovina_Metalichenko	1	1
753	Chuhlovina_Metalichenko	0	1
754	Chuhlovina_Metalichenko	0	1
755	Chuhlovina_Metalichenko	1	1
756	Chuhlovina_Metalichenko	1	0
757	Chuhlovina_Metalichenko	1	1
758	Chuhlovina_Metalichenko	1	1
759	Chuhlovina_Metalichenko	1	1
760	Chuhlovina_Metalichenko	1	1
761	Chuhlovina_Metalichenko	1	1
762	Chuhlovina_Metalichenko	1	0
763	Chuhlovina_Metalichenko	1	0
764	Chuhlovina_Metalichenko	1	1
765	Chuhlovina_Metalichenko	1	1
766	Chuhlovina_Metalichenko	1	1
767	Chuhlovina_Metalichenko	1	1
768	Chuhlovina_Metalichenko	1	1
769	Chuhlovina_Metalichenko	1	1
770	Chuhlovina_Metalichenko	1	0
771	Chuhlovina_Metalichenko	1	0
772	Chuhlovina_Metalichenko	1	1
773	Chuhlovina_Metalichenko	1	0
774	Chuhlovina_Metalichenko	1	1
775	Chuhlovina_Metalichenko	1	0
776	Chuhlovina_Metalichenko	1	1
777	Chuhlovina_Metalichenko	1	1
778	Borisova_Subocheva	1	0
779	Borisova_Subocheva	0	1
780	Borisova_Subocheva	0	0
781	Borisova_Subocheva	1	1
782	Borisova_Subocheva	0	1
783	Borisova_Subocheva	0	0
784	Borisova_Subocheva	0	1
785	Borisova_Subocheva	0	0
786	Borisova_Subocheva	1	1
787	Borisova_Subocheva	1	1
788	Borisova_Subocheva	1	1
789	Borisova_Subocheva	1	1
790	Borisova_Subocheva	1	0
792	Borisova_Subocheva	0	0
793	Borisova_Subocheva	1	0
794	Borisova_Subocheva	1	0
795	Borisova_Subocheva	1	1
796	Borisova_Subocheva	1	0
797	Borisova_Subocheva	1	0
798	Borisova_Subocheva	0	1
800	Borisova_Subocheva	1	1
801	Borisova_Subocheva	1	0
802	Borisova_Subocheva	1	1
803	Borisova_Subocheva	1	0
804	Borisova_Subocheva	1	0
805	Borisova_Subocheva	1	0
807	Borisova_Subocheva	1	1
808	Borisova_Subocheva	1	1
809	Borisova_Subocheva	1	1
810	Borisova_Subocheva	1	1
811	Borisova_Subocheva	1	1
812	Borisova_Subocheva	1	0
813	Borisova_Subocheva	1	0
814	Borisova_Subocheva	0	0
815	Borisova_Subocheva	0	0
816	Borisova_Subocheva	0	0
817	Borisova_Subocheva	0	0
818	Borisova_Subocheva	0	0
819	Borisova_Subocheva	0	0
820	Borisova_Subocheva	0	0
821	Borisova_Subocheva	0	0
822	Borisova_Subocheva	0	0
823	Borisova_Subocheva	0	0
824	Borisova_Subocheva	1	0
825	Borisova_Subocheva	0	1
826	Borisova_Subocheva	0	0
827	Borisova_Subocheva	1	1
828	Borisova_Subocheva	1	0
829	Borisova_Subocheva	1	1
830	Borisova_Subocheva	1	0
831	Borisova_Tregubova	0	1
832	Borisova_Tregubova	0	0
833	Borisova_Tregubova	1	1
834	Borisova_Tregubova	1	1
835	Borisova_Tregubova	0	1
836	Borisova_Tregubova	0	1
837	Borisova_Tregubova	0	1
838	Borisova_Tregubova	0	1
839	Borisova_Tregubova	1	1
840	Borisova_Tregubova	0	1
841	Borisova_Tregubova	0	0
842	Borisova_Tregubova	1	1
843	Borisova_Tregubova	1	0
844	Borisova_Tregubova	1	1
845	Borisova_Tregubova	0	1
846	Borisova_Tregubova	0	0
847	Bocharovy	0	1
848	Bocharovy	0	1
849	Bocharovy	1	1
850	Bocharovy	1	1
851	Bocharovy	0	1
852	Bocharovy	0	1
853	Bocharovy	1	1
854	Bocharovy	1	1
855	Bocharovy	1	1
856	Bocharovy	1	1
857	Bocharovy	1	0
858	Bocharovy	0	0
859	Bocharovy	0	0
862	Bocharovy	0	1
863	Bocharovy	0	1
864	Bocharovy	1	1
865	Bocharovy	0	1
866	Bocharovy	0	1
867	Bocharovy	1	1
869	Bocharovy	0	0
870	Bocharovy	1	1
871	Bocharovy	0	1
872	Bocharovy	0	1
873	Bocharovy	1	1
874	Bocharovy	0	1
875	Bocharovy	0	1
876	Bocharovy	1	1
877	Bocharovy	0	1
878	Bocharovy	0	1
879	Bocharovy	1	1
880	Bocharovy	1	1
881	Bocharovy	1	1
882	Bocharovy	0	1
883	Bocharovy	0	0
884	Bocharovy	1	1
885	Bocharovy	1	1
886	Bocharovy	1	1
887	Bocharovy	1	1
888	Bocharovy	1	1
889	Bocharovy	0	1
890	Bocharovy	0	0
891	Bocharovy	1	0
892	Bocharovy	1	1
893	Bocharovy	1	0
894	Bocharovy	0	1
895	Bocharovy	0	1
896	Bocharovy	1	0
897	Bocharovy	1	1
898	Bocharovy	0	1
899	Bocharovy	0	0
900	Bocharovy	1	1
901	Bocharovy	1	1
902	Bocharovy	1	1
903	Bocharovy	1	1
904	Bocharovy	1	1
905	Bocharovy	0	0
906	Bocharovy	0	0
907	Bocharovy	1	0
908	Bocharovy	0	1
909	Bocharovy	0	0
910	Bocharovy	1	1
911	Bocharovy	0	1
912	Bocharovy	0	1
913	Bocharovy	1	0
914	Bocharovy	0	1
915	Bocharovy	0	1
916	Bocharovy	1	1
917	Bocharovy	0	1
918	Bocharovy	0	1
919	Bocharovy	0	1
920	Bocharovy	0	1
921	Bocharovy	1	1
922	Bocharovy	1	1
923	Bocharovy	1	1
924	Bocharovy	1	1
925	Bocharovy	0	1
926	Bocharovy	0	0
927	Bocharovy	1	0
928	Bocharovy	0	1
929	Bocharovy	0	1
930	Bocharovy	1	1
931	Bocharovy	0	1
932	Bocharovy	0	1
933	Vorobiovy	1	0
934	Vorobiovy	1	0
935	Vorobiovy	1	1
936	Vorobiovy	1	0
937	Vorobiovy	1	1
938	Vorobiovy	1	1
939	Vorobiovy	1	1
940	Vorobiovy	1	1
941	Vorobiovy	1	1
942	Vorobiovy	0	1
943	Vorobiovy	0	1
944	Vorobiovy	0	1
945	Vorobiovy	0	0
946	Vorobiovy	1	1
947	Vorobiovy	1	1
948	Vorobiovy	0	1
949	Vorobiovy	0	1
950	Vorobiovy	1	1
951	Vorobiovy	1	0
952	Vorobiovy	0	1
953	Vorobiovy	0	0
954	Vorobiovy	1	1
955	Vorobiovy	1	0
956	Vorobiovy	0	1
957	Vorobiovy	0	1
959	Vorobiovy	0	0
960	Vorobiovy	0	1
961	Vorobiovy	0	1
962	Vorobiovy	1	1
963	Vorobiovy	0	1
964	Vorobiovy	0	0
965	Vorobiovy	1	1
966	Vorobiovy	0	0
967	Vorobiovy	0	0
968	Vorobiovy	0	0
969	Vorobiovy	0	0
970	Vorobiovy	1	1
971	Vorobiovy	1	1
972	Vorobiovy	1	1
973	Vorobiovy	1	1
974	Vorobiovy	1	1
975	Vorobiovy	0	1
976	Vorobiovy	0	0
977	Vorobiovy	1	1
978	Vorobiovy	1	1
979	clouds_gavrilovy	1	1
980	clouds_gavrilovy	1	1
981	clouds_gavrilovy	1	1
982	clouds_gavrilovy	1	1
983	clouds_gavrilovy	1	1
984	clouds_gavrilovy	1	1
986	clouds_gavrilovy	1	1
987	clouds_gavrilovy	1	1
988	clouds_gavrilovy	1	1
989	clouds_gavrilovy	1	1
990	clouds_gavrilovy	0	1
991	clouds_gavrilovy	0	1
992	clouds_gavrilovy	1	1
993	clouds_gavrilovy	1	1
994	clouds_gavrilovy	1	1
995	clouds_gavrilovy	1	1
996	clouds_gavrilovy	0	0
997	clouds_gavrilovy	0	0
998	clouds_gavrilovy	1	1
999	clouds_gavrilovy	1	0
1000	clouds_gavrilovy	1	0
1001	clouds_gavrilovy	1	0
1002	clouds_gavrilovy	0	0
1003	clouds_gavrilovy	0	0
1004	clouds_gavrilovy	1	1
1005	clouds_gavrilovy	1	0
1006	clouds_gavrilovy	0	1
1007	clouds_gavrilovy	0	0
1008	clouds_gavrilovy	1	1
1009	clouds_gavrilovy	1	0
1010	clouds_gavrilovy	1	1
1011	clouds_gavrilovy	1	1
1012	clouds_gavrilovy	1	1
1013	clouds_gavrilovy	0	0
1014	clouds_gavrilovy	0	0
1015	clouds_gavrilovy	1	1
1016	clouds_gavrilovy	1	1
1017	clouds_gavrilovy	1	0
1018	clouds_gavrilovy	1	0
1019	Zabelina_Igonina	1	1
1020	Zabelina_Igonina	1	0
1021	Zabelina_Igonina	0	0
1022	Zabelina_Igonina	0	0
1023	Zabelina_Igonina	1	1
1024	Zabelina_Igonina	0	1
1025	Zabelina_Igonina	0	0
1026	Zabelina_Igonina	0	1
1027	Zabelina_Igonina	0	0
1028	Zabelina_Igonina	1	0
1029	Zabelina_Igonina	1	0
1030	Zabelina_Igonina	1	1
1031	Zabelina_Igonina	1	1
1032	Zabelina_Igonina	1	1
1033	Zabelina_Igonina	0	0
1034	Zabelina_Igonina	0	0
1035	Zabelina_Igonina	1	0
1036	Zabelina_Igonina	1	0
1037	Zabelina_Igonina	0	0
1038	Zabelina_Igonina	0	0
1039	Zabelina_Igonina	1	0
1040	Zabelina_Igonina	0	1
1041	Zabelina_Igonina	0	0
1042	Zabelina_Igonina	0	1
1043	Zabelina_Igonina	0	1
1044	Zabelina_Igonina	1	1
1045	Zabelina_Igonina	1	1
1046	Zabelina_Igonina	1	0
1047	Zabelina_Igonina	1	1
1048	Zabelina_Igonina	0	0
1049	Zabelina_Igonina	0	0
1050	Zabelina_Igonina	0	0
1051	Zabelina_Igonina	0	0
1052	Zabelina_Igonina	1	1
1053	Zabelina_Igonina	1	1
1054	Zabelina_Igonina	1	1
1055	Zabelina_Igonina	1	0
1056	Zabelina_Igonina	1	0
1057	Zabelina_Igonina	0	1
1058	Zabelina_Igonina	0	0
1059	Zabelina_Igonina	1	1
1060	Zabelina_Igonina	1	1
1061	Zabelina_Igonina	0	0
1062	Zabelina_Igonina	0	0
1063	Zabelina_Igonina	1	1
1064	Zabelina_Igonina	1	1
1065	Zabelina_Igonina	1	1
1066	Zabelina_Igonina	1	1
1067	Zabelina_Igonina	1	1
1068	Zabelina_Igonina	1	1
1069	Zabelina_Igonina	1	1
1070	Zabelina_Igonina	1	1
1071	Zabelina_Igonina	1	1
1072	Zabelina_Igonina	0	1
1073	Zabelina_Igonina	0	1
1074	Zabelina_Igonina	1	0
1075	Zabelina_Igonina	1	0
1076	Zabelina_Igonina	1	1
1077	Zabelina_Igonina	1	0
1078	Zabelina_Igonina	1	1
1079	Zabelina_Igonina	1	1
1080	Zabelina_Igonina	0	0
1081	Zabelina_Igonina	0	0
1082	Zabelina_Igonina	0	0
1083	Zabelina_Igonina	0	0
1084	Zabelina_Igonina	1	0
1085	Zabelina_Igonina	0	0
1086	Zabelina_Igonina	0	0
1087	Zabelina_Igonina	0	0
1088	Zabelina_Igonina	0	0
1089	Zabelina_Igonina	1	0
1090	Zabelina_Igonina	0	1
1091	Zabelina_Igonina	0	1
1092	Zabelina_Igonina	1	1
1093	Zabelina_Igonina	0	0
1094	Zabelina_Igonina	0	0
1095	Zimina_Zorina	1	1
1096	Zimina_Zorina	1	0
1097	Zimina_Zorina	1	1
1098	Zimina_Zorina	1	1
1099	Zimina_Zorina	1	1
1100	Zimina_Zorina	1	1
1101	Zimina_Zorina	1	1
1102	Zimina_Zorina	0	1
1103	Zimina_Zorina	0	1
1104	Zimina_Zorina	1	1
1105	Zimina_Zorina	1	1
1106	Zimina_Zorina	1	1
1107	Zimina_Zorina	1	1
1108	Zimina_Zorina	1	0
1109	Zimina_Zorina	1	1
1110	Zimina_Zorina	1	1
1111	Zimina_Zorina	0	1
1112	Zimina_Zorina	0	1
1113	Zimina_Zorina	1	1
1114	Zimina_Zorina	0	1
1115	Zimina_Zorina	0	1
1116	Zimina_Zorina	0	1
1117	Zimina_Zorina	0	1
1118	Zimina_Zorina	1	1
1119	Zimina_Zorina	1	1
1120	Zimina_Zorina	0	0
1121	Zimina_Zorina	0	0
1122	Zimina_Zorina	0	0
1123	Zimina_Zorina	1	1
1124	Zimina_Zorina	1	1
1125	Zimina_Zorina	0	1
1126	Zimina_Zorina	0	1
1127	Zimina_Zorina	1	1
1128	Zimina_Zorina	0	0
1129	Zimina_Zorina	0	0
1130	Zimina_Zorina	1	1
1131	Zimina_Zorina	0	1
1132	Zimina_Zorina	0	1
1133	Zimina_Zorina	1	1
1134	Zimina_Zorina	1	1
1135	Zimina_Zorina	1	1
1136	Zimina_Zorina	1	1
1137	Zimina_Zorina	1	1
1138	Zimina_Zorina	1	1
1139	Zimina_Zorina	1	0
1140	Zimina_Zorina	1	0
1141	Zimina_Zorina	1	0
1142	Zimina_Zorina	0	0
1143	Zimina_Zorina	0	0
1144	Zimina_Zorina	0	0
1145	Zimina_Zorina	0	1
1146	Zimina_Zorina	0	0
1147	Zimina_Zorina	1	1
1148	Zimina_Zorina	1	1
1149	Zimina_Zorina	1	1
1150	Zimina_Zorina	0	1
1151	Zimina_Zorina	0	1
1152	Zimina_Zorina	1	1
1153	Zimina_Zorina	1	1
1154	Zimina_Zorina	1	0
1155	Zimina_Zorina	0	1
1156	Zimina_Zorina	0	1
1157	Zimina_Zorina	0	1
1158	Zimina_Zorina	0	1
1159	Zimina_Zorina	0	1
1160	Zimina_Zorina	0	1
1161	Zimina_Zorina	0	1
1162	Zimina_Zorina	1	1
1163	Zimina_Zorina	1	1
1164	Zimina_Zorina	1	1
1165	Zimina_Zorina	1	1
1166	Zimina_Zorina	1	1
1167	Zimina_Zorina	0	1
1168	Zimina_Zorina	0	1
1169	Zimina_Zorina	1	1
1170	Zimina_Zorina	1	1
1171	Zimina_Zorina	1	1
1172	Zimina_Zorina	1	1
1173	Zimina_Zorina	1	1
1174	Zimina_Zorina	0	1
1175	Zimina_Zorina	0	0
1176	zorina_schadrina	1	1
1177	zorina_schadrina	1	1
1178	zorina_schadrina	0	1
1179	zorina_schadrina	0	0
1180	zorina_schadrina	1	1
1181	zorina_schadrina	1	1
1182	zorina_schadrina	1	1
1183	zorina_schadrina	1	1
1184	zorina_schadrina	1	1
1185	zorina_schadrina	1	1
1186	zorina_schadrina	1	1
1187	zorina_schadrina	1	1
1188	zorina_schadrina	1	1
1189	zorina_schadrina	0	1
1190	zorina_schadrina	0	1
1191	zorina_schadrina	1	1
1192	zorina_schadrina	0	1
1193	zorina_schadrina	0	0
1194	zorina_schadrina	0	1
1195	zorina_schadrina	0	1
1196	zorina_schadrina	1	1
1197	zorina_schadrina	0	1
1198	zorina_schadrina	0	1
1199	zorina_schadrina	1	1
1200	zorina_schadrina	0	1
1201	zorina_schadrina	0	1
1202	zorina_schadrina	0	1
1203	zorina_schadrina	0	1
1204	zorina_schadrina	1	1
1205	zorina_schadrina	0	1
1206	zorina_schadrina	0	1
1207	zorina_schadrina	1	1
1208	zorina_schadrina	1	1
1209	zorina_schadrina	1	1
1210	zorina_schadrina	1	1
1211	zorina_schadrina	1	1
1212	zorina_schadrina	0	1
1213	zorina_schadrina	0	1
1214	zorina_schadrina	1	1
1215	zorina_schadrina	1	1
1216	zorina_schadrina	1	0
1217	zorina_schadrina	1	1
1218	zorina_schadrina	1	1
1219	zorina_schadrina	0	1
1220	zorina_schadrina	0	1
1221	zorina_schadrina	1	1
1222	zorina_schadrina	1	1
1223	zorina_schadrina	1	1
1224	zorina_schadrina	1	1
1225	zorina_schadrina	1	1
1226	zorina_schadrina	1	1
1227	zorina_schadrina	0	1
1228	zorina_schadrina	0	1
1229	zorina_schadrina	1	1
1230	zorina_schadrina	0	1
1231	zorina_schadrina	0	1
1232	zorina_schadrina	1	1
1233	zorina_schadrina	0	1
1234	zorina_schadrina	0	1
1235	zorina_schadrina	1	1
1236	zorina_schadrina	1	1
1237	zorina_schadrina	0	1
1238	zorina_schadrina	0	1
1239	zorina_schadrina	1	1
1240	zorina_schadrina	1	1
1241	zorina_schadrina	1	1
1242	zorina_schadrina	1	1
1243	zorina_schadrina	0	1
1244	zorina_schadrina	0	1
1245	zorina_schadrina	1	1
1246	zorina_schadrina	0	1
1247	zorina_schadrina	0	1
1248	zorina_schadrina	0	1
1249	zorina_schadrina	0	1
1250	zorina_schadrina	0	1
1251	zorina_schadrina	0	1
1252	zorina_schadrina	0	1
1253	zorina_schadrina	0	1
1254	zorina_schadrina	1	1
1255	zorina_schadrina	1	1
1256	zorina_schadrina	1	1
1257	zorina_schadrina	0	1
1258	zorina_schadrina	0	0
1259	zorina_schadrina	0	1
1260	zorina_schadrina	0	0
1261	zorina_schadrina	1	1
1262	zorina_schadrina	0	0
1263	zorina_schadrina	0	0
1264	zorina_schadrina	1	1
1265	zorina_schadrina	1	1
1266	zorina_schadrina	0	1
1267	zorina_schadrina	0	1
1268	zorina_schadrina	1	1
1269	zorina_schadrina	1	0
1270	zorina_schadrina	1	0
1271	zorina_schadrina	1	0
1272	zorina_schadrina	1	0
1273	zorina_schadrina	1	0
1274	zorina_schadrina	0	1
1275	zorina_schadrina	0	1
1276	zorina_schadrina	1	0
1277	zorina_schadrina	1	0
1278	zorina_schadrina	1	1
1279	zorina_schadrina	0	1
1280	zorina_schadrina	0	1
1281	zorina_schadrina	1	1
1282	zorina_schadrina	0	1
1283	zorina_schadrina	0	1
1284	zorina_schadrina	1	1
1285	zorina_schadrina	1	1
1286	zorina_schadrina	1	1
1287	zorina_schadrina	0	1
1288	zorina_schadrina	0	1
1289	zorina_schadrina	0	1
1290	zorina_schadrina	0	1
1291	zorina_schadrina	0	1
1292	zorina_schadrina	0	1
1293	zorina_schadrina	0	1
1294	zorina_schadrina	0	0
1295	zorina_schadrina	1	1
1296	zorina_schadrina	1	1
1297	zorina_schadrina	1	1
1298	zorina_schadrina	1	1
1299	zorina_schadrina	1	1
1300	zorina_schadrina	1	1
1301	zorina_schadrina	1	1
1302	zorina_schadrina	1	1
1303	zorina_schadrina	1	0
1304	zorina_schadrina	1	1
1305	zorina_schadrina	1	1
1306	Koposova_Sokolova	1	1
1307	Koposova_Sokolova	1	1
1308	Koposova_Sokolova	0	1
1309	Koposova_Sokolova	0	1
1310	Koposova_Sokolova	1	1
1311	Koposova_Sokolova	1	1
1312	Koposova_Sokolova	0	1
1313	Koposova_Sokolova	0	1
1314	Koposova_Sokolova	0	1
1315	Koposova_Sokolova	0	1
1316	Koposova_Sokolova	0	1
1317	Koposova_Sokolova	0	1
1318	Koposova_Sokolova	0	1
1319	Koposova_Sokolova	0	0
1320	Koposova_Sokolova	1	1
1321	Koposova_Sokolova	0	1
1322	Koposova_Sokolova	0	1
1323	Koposova_Sokolova	1	0
1324	Koposova_Sokolova	1	0
1325	Koposova_Sokolova	0	0
1326	Koposova_Sokolova	0	0
1327	Koposova_Sokolova	0	0
1328	Koposova_Sokolova	0	0
1329	Koposova_Sokolova	1	1
1330	Koposova_Sokolova	0	1
1331	Koposova_Sokolova	0	0
1332	Koposova_Sokolova	0	1
1333	Koposova_Sokolova	0	0
1334	Koposova_Sokolova	1	1
1335	Koposova_Sokolova	0	1
1336	Koposova_Sokolova	0	0
1337	Koposova_Sokolova	0	1
1338	Koposova_Sokolova	0	0
1339	Koposova_Sokolova	1	1
1340	Koposova_Sokolova	1	1
1341	Koposova_Sokolova	1	1
1342	Koposova_Sokolova	1	1
1343	Koposova_Sokolova	0	1
1344	Koposova_Sokolova	0	1
1345	Koposova_Sokolova	1	1
1346	Koposova_Sokolova	1	1
1347	Koposova_Sokolova	0	1
1348	Koposova_Sokolova	0	1
1349	Koposova_Sokolova	1	1
1350	Koposova_Sokolova	1	1
1351	Koposova_Sokolova	1	1
1352	Koposova_Sokolova	0	1
1353	Koposova_Sokolova	0	1
1354	Koposova_Sokolova	1	1
1355	Koposova_Sokolova	1	1
1356	Koposova_Sokolova	1	1
1357	Koposova_Sokolova	1	1
1358	Koposova_Sokolova	1	1
1359	Koposova_Sokolova	1	1
1360	Koposova_Sokolova	1	1
1361	Koposova_Sokolova	1	1
1362	Koposova_Sokolova	1	0
1363	Koposova_Sokolova	1	1
1364	Koposova_Sokolova	0	1
1365	Koposova_Sokolova	0	1
1366	Koposova_Sokolova	1	1
1367	Koposova_Sokolova	0	1
1368	Koposova_Sokolova	0	1
1369	Koposova_Sokolova	1	1
1370	Koposova_Sokolova	1	1
1371	Koposova_Sokolova	1	0
1372	Koposova_Sokolova	1	0
1373	Koposova_Sokolova	0	1
1374	Koposova_Sokolova	0	0
1375	Koposova_Sokolova	1	1
1376	Koposova_Sokolova	0	0
1377	Koposova_Sokolova	0	0
1378	Koposova_Sokolova	0	0
1379	Koposova_Sokolova	0	0
1380	Koposova_Sokolova	1	1
1381	Koposova_Sokolova	1	1
1382	Koposova_Sokolova	1	1
1383	Koposova_Sokolova	1	1
1384	Koposova_Sokolova	1	0
1385	Koposova_Sokolova	1	1
1386	Koposova_Sokolova	0	1
1387	Koposova_Sokolova	0	0
1388	Koposova_Sokolova	1	1
1389	Koposova_Sokolova	0	1
1390	Koposova_Sokolova	0	0
1391	Koposova_Sokolova	0	1
1392	Koposova_Sokolova	0	1
1393	Koposova_Sokolova	0	1
1394	Koposova_Sokolova	0	1
1395	Koposova_Sokolova	0	0
1396	Koposova_Sokolova	0	0
1397	Koposova_Sokolova	1	0
1398	Koposova_Sokolova	0	0
1399	Koposova_Sokolova	0	0
1400	Koposova_Sokolova	1	0
1401	Koposova_Sokolova	0	1
1402	Koposova_Sokolova	0	1
1403	Koposova_Sokolova	0	1
1404	Koposova_Sokolova	0	1
1405	Koposova_Sokolova	0	0
1406	Koposova_Sokolova	0	0
1407	Koposova_Sokolova	1	1
1408	Koposova_Sokolova	1	0
1409	Koposova_Sokolova	1	1
1410	Koposova_Sokolova	1	1
1411	Koposova_Sokolova	1	0
1413	Koposova_Sokolova	1	0
1414	Koposova_Sokolova	1	0
1415	Koposova_Sokolova	1	1
1416	Prihodko_Belyaeva	1	1
1417	Prihodko_Belyaeva	1	1
1418	Prihodko_Belyaeva	0	0
1419	Prihodko_Belyaeva	0	0
1420	Prihodko_Belyaeva	1	1
1421	Prihodko_Belyaeva	1	0
1422	Prihodko_Belyaeva	1	1
1423	Prihodko_Belyaeva	0	0
1424	Prihodko_Belyaeva	0	0
1425	Prihodko_Belyaeva	0	0
1426	Prihodko_Belyaeva	0	0
1427	Prihodko_Belyaeva	1	0
1428	Prihodko_Belyaeva	1	0
1430	Prihodko_Belyaeva	1	0
1431	Prihodko_Belyaeva	0	0
1432	Prihodko_Belyaeva	0	0
1433	Prihodko_Belyaeva	1	1
1434	Prihodko_Belyaeva	0	1
1435	Prihodko_Belyaeva	0	0
1436	Prihodko_Belyaeva	1	1
1437	Prihodko_Belyaeva	1	1
1438	Prihodko_Belyaeva	1	1
1439	Prihodko_Belyaeva	0	0
1440	Prihodko_Belyaeva	0	0
1441	Prihodko_Belyaeva	1	0
1442	Prihodko_Belyaeva	1	0
1443	Prihodko_Belyaeva	1	0
1444	Prihodko_Belyaeva	1	1
1445	Prihodko_Belyaeva	1	1
1446	Prihodko_Belyaeva	1	1
1447	Prihodko_Belyaeva	1	1
1448	Prihodko_Belyaeva	1	1
1449	Prihodko_Belyaeva	1	1
1450	Prihodko_Belyaeva	1	0
1451	Prihodko_Belyaeva	1	0
1452	Prihodko_Belyaeva	1	0
1453	Prihodko_Belyaeva	0	1
1454	Prihodko_Belyaeva	0	0
1455	Prihodko_Belyaeva	1	1
1456	Prihodko_Belyaeva	0	0
1457	Prihodko_Belyaeva	0	0
1458	Prihodko_Belyaeva	1	1
1459	Prihodko_Belyaeva	1	1
1460	Prihodko_Belyaeva	0	0
1461	Prihodko_Belyaeva	0	0
1462	Prihodko_Belyaeva	1	1
1463	Prihodko_Belyaeva	1	1
1464	Prihodko_Belyaeva	1	1
1465	Prihodko_Belyaeva	1	1
1466	Prihodko_Belyaeva	1	1
1467	Prihodko_Belyaeva	1	1
1468	Prihodko_Belyaeva	0	0
1469	Prihodko_Belyaeva	0	0
1470	Prihodko_Belyaeva	0	0
1471	Prihodko_Belyaeva	0	0
1472	Prihodko_Belyaeva	1	1
1473	Pushkarev_Denisov	1	1
1474	Pushkarev_Denisov	1	1
1475	Pushkarev_Denisov	1	1
1476	Pushkarev_Denisov	0	1
1477	Pushkarev_Denisov	0	0
1478	Pushkarev_Denisov	1	0
1479	Pushkarev_Denisov	1	1
1480	Pushkarev_Denisov	1	1
1481	Pushkarev_Denisov	1	1
1482	Pushkarev_Denisov	0	1
1483	Pushkarev_Denisov	0	1
1484	Pushkarev_Denisov	1	1
1485	Pushkarev_Denisov	1	1
1486	Pushkarev_Denisov	1	1
1487	Pushkarev_Denisov	1	1
1488	Pushkarev_Denisov	0	1
1489	Pushkarev_Denisov	0	0
1490	Pushkarev_Denisov	1	1
1491	Pushkarev_Denisov	1	1
1492	Pushkarev_Denisov	1	1
1493	Pushkarev_Denisov	0	1
1494	Pushkarev_Denisov	0	1
1495	Pushkarev_Denisov	1	0
1496	Pushkarev_Denisov	0	1
1497	Pushkarev_Denisov	0	1
1498	Pushkarev_Denisov	0	1
1499	Pushkarev_Denisov	0	1
1500	Pushkarev_Denisov	1	1
1501	Pushkarev_Denisov	1	1
1502	Pushkarev_Denisov	1	1
1503	Pushkarev_Denisov	1	1
1504	Pushkarev_Denisov	0	1
1505	Pushkarev_Denisov	0	1
1506	Pushkarev_Denisov	1	1
1507	Pushkarev_Denisov	1	1
1508	Pushkarev_Denisov	1	1
1509	Pushkarev_Denisov	1	1
1510	Pushkarev_Denisov	0	1
1511	Pushkarev_Denisov	0	0
1512	Pushkarev_Denisov	1	1
1513	Pushkarev_Denisov	0	1
1514	Pushkarev_Denisov	0	1
1515	Pushkarev_Denisov	1	1
1516	Pushkarev_Denisov	0	0
1517	Pushkarev_Denisov	0	0
1518	Pushkarev_Denisov	0	1
1519	Pushkarev_Denisov	0	1
1520	Pushkarev_Denisov	0	1
1521	Pushkarev_Denisov	0	0
1522	Pushkarev_Denisov	0	1
1523	Pushkarev_Denisov	0	1
1524	Pushkarev_Denisov	1	0
1525	Pushkarev_Denisov	1	0
1526	Pushkarev_Denisov	0	1
1527	Pushkarev_Denisov	0	0
1528	Pushkarev_Denisov	1	1
1529	Pushkarev_Denisov	1	1
1530	Pushkarev_Denisov	1	1
1531	Pushkarev_Denisov	0	1
1532	Pushkarev_Denisov	0	1
1533	Pushkarev_Denisov	0	1
1534	Pushkarev_Denisov	0	1
1535	Pushkarev_Denisov	1	1
1536	Pushkarev_Denisov	0	1
1537	Pushkarev_Denisov	0	1
1538	Pushkarev_Denisov	1	1
1539	Pushkarev_Denisov	1	1
1540	Pushkarev_Denisov	1	0
1541	Pushkarev_Denisov	1	1
1542	Pushkarev_Denisov	0	1
1543	Pushkarev_Denisov	0	1
1544	Pushkarev_Denisov	0	1
1545	Pushkarev_Denisov	0	1
1546	Pushkarev_Denisov	1	1
1547	Pushkarev_Denisov	0	1
1548	Pushkarev_Denisov	0	1
1549	Pushkarev_Denisov	1	1
1550	Pushkarev_Denisov	0	1
1551	Pushkarev_Denisov	0	1
1552	Pushkarev_Denisov	1	1
1553	Pushkarev_Denisov	1	1
1554	Pushkarev_Denisov	0	1
1555	Pushkarev_Denisov	0	1
1556	Pushkarev_Denisov	0	1
1557	Pushkarev_Denisov	0	1
1558	Pushkarev_Denisov	0	1
1559	Pushkarev_Denisov	0	1
1560	Pushkarev_Denisov	0	1
1561	Pushkarev_Denisov	0	1
1562	Pushkarev_Denisov	1	1
1563	Pushkarev_Denisov	1	1
1564	Pushkarev_Denisov	0	0
1565	Pushkarev_Denisov	0	0
1566	Pushkarev_Denisov	1	1
1567	Pushkarev_Denisov	1	1
1568	Pushkarev_Denisov	1	1
1569	Pushkarev_Denisov	0	1
1570	Pushkarev_Denisov	0	1
1571	Pushkarev_Denisov	0	1
1572	Pushkarev_Denisov	0	1
1573	Pushkarev_Denisov	1	0
1574	Pushkarev_Denisov	0	1
1575	Pushkarev_Denisov	0	1
1576	Pushkarev_Denisov	1	1
1577	Pushkarev_Denisov	1	1
1578	Pushkarev_Denisov	1	1
1579	Pushkarev_Denisov	1	1
1580	Pushkarev_Denisov	1	1
1581	Pushkarev_Denisov	1	1
1582	Pushkarev_Denisov	1	1
1583	Pushkarev_Denisov	1	1
1584	Pushkarev_Denisov	1	1
1585	Pushkarev_Denisov	1	1
1586	Pushkarev_Denisov	1	1
1587	Pushkarev_Denisov	1	1
1588	Pushkarev_Denisov	1	1
1589	Pushkarev_Denisov	1	1
1590	Pushkarev_Denisov	1	1
1591	Pushkarev_Denisov	1	1
1592	Pushkarev_Denisov	1	1
1593	Pushkarev_Denisov	1	1
1594	Pushkarev_Denisov	1	1
1595	Pushkarev_Denisov	0	1
1596	Pushkarev_Denisov	0	1
1597	Pushkarev_Denisov	1	1
1598	Pushkarev_Denisov	1	1
1599	Pushkarev_Denisov	1	1
1600	Pushkarev_Denisov	0	1
1601	Pushkarev_Denisov	0	0
1602	Pushkarev_Denisov	0	1
1603	Pushkarev_Denisov	0	0
1604	Pushkarev_Denisov	1	1
1605	Pushkarev_Denisov	0	1
1606	Pushkarev_Denisov	0	0
1607	Pushkarev_Denisov	1	1
1608	Pushkarev_Denisov	1	1
1609	Pushkarev_Denisov	1	1
1610	Pushkarev_Denisov	1	1
1611	Pushkarev_Denisov	0	1
1612	Pushkarev_Denisov	0	1
1613	Pushkarev_Denisov	1	0
1614	Pushkarev_Denisov	0	1
1615	Pushkarev_Denisov	0	0
1616	Pushkarev_Denisov	1	1
1617	Pushkarev_Denisov	0	1
1618	Pushkarev_Denisov	0	1
1619	Pushkarev_Denisov	1	1
1620	Pushkarev_Denisov	0	1
1621	Pushkarev_Denisov	0	1
1622	Pushkarev_Denisov	0	1
1623	Pushkarev_Denisov	0	1
1624	Pushkarev_Denisov	1	1
1625	Pushkarev_Denisov	1	1
1626	Pushkarev_Denisov	1	1
1627	Pushkarev_Denisov	0	1
1628	Pushkarev_Denisov	0	1
1629	Pushkarev_Denisov	1	1
1630	Pushkarev_Denisov	1	1
1631	Pushkarev_Denisov	1	1
1632	Pushkarev_Denisov	1	1
1633	Pushkarev_Denisov	0	1
1634	Pushkarev_Denisov	0	1
1635	Pushkarev_Denisov	0	1
1636	Pushkarev_Denisov	0	1
1637	Pushkarev_Denisov	0	1
1638	Pushkarev_Denisov	0	1
1639	Pushkarev_Denisov	0	1
1640	Pushkarev_Denisov	0	1
1641	Pushkarev_Denisov	1	1
1642	Pushkarev_Denisov	1	1
1643	Pushkarev_Denisov	0	0
1644	Pushkarev_Denisov	0	0
1645	Pushkarev_Denisov	1	1
1646	Pushkarev_Denisov	1	1
1647	Pushkarev_Denisov	0	1
1648	Pushkarev_Denisov	0	1
1649	Pushkarev_Denisov	1	1
1650	Pushkarev_Denisov	1	1
1651	Pushkarev_Denisov	0	0
1652	Pushkarev_Denisov	0	0
1653	Pushkarev_Denisov	1	0
1654	Pushkarev_Denisov	1	1
1655	Pushkarev_Denisov	0	1
1656	Pushkarev_Denisov	0	1
1657	Pushkarev_Denisov	0	1
1658	Pushkarev_Denisov	0	1
1659	Chuhlovina_Metalichenko	1	1
1660	Chuhlovina_Metalichenko	1	1
1661	Chuhlovina_Metalichenko	1	1
1662	Chuhlovina_Metalichenko	1	0
1663	Chuhlovina_Metalichenko	1	0
1664	Chuhlovina_Metalichenko	1	1
1665	Chuhlovina_Metalichenko	1	0
1666	Chuhlovina_Metalichenko	0	0
1667	Chuhlovina_Metalichenko	0	0
1668	Chuhlovina_Metalichenko	1	1
1669	Chuhlovina_Metalichenko	0	1
1670	Chuhlovina_Metalichenko	0	0
1671	Chuhlovina_Metalichenko	0	0
1672	Chuhlovina_Metalichenko	0	0
1673	Chuhlovina_Metalichenko	1	1
1675	Chuhlovina_Metalichenko	0	0
1676	Chuhlovina_Metalichenko	1	0
1678	Chuhlovina_Metalichenko	0	1
1679	Chuhlovina_Metalichenko	0	0
1680	Chuhlovina_Metalichenko	1	1
1681	Chuhlovina_Metalichenko	0	0
1682	Chuhlovina_Metalichenko	0	0
1683	Chuhlovina_Metalichenko	0	0
1684	Chuhlovina_Metalichenko	0	1
1685	Chuhlovina_Metalichenko	0	0
1686	Chuhlovina_Metalichenko	1	0
1687	Chuhlovina_Metalichenko	1	1
1688	Chuhlovina_Metalichenko	0	1
1689	Chuhlovina_Metalichenko	0	0
1690	Chuhlovina_Metalichenko	0	1
1691	Chuhlovina_Metalichenko	0	1
1692	Chuhlovina_Metalichenko	0	1
1693	Chuhlovina_Metalichenko	0	1
